{"and": [-0.1393965482711792, 0.4833901822566986, -0.3244163393974304, 0.30502086877822876, -0.5295904278755188, 0.859801709651947, -0.24855618178844452, 0.21123577654361725, -0.26300182938575745, 0.07208522409200668, -0.5403514504432678, 0.2373785525560379, 0.24290917813777924, -0.1705092340707779, -0.34901031851768494, 0.07304640859365463, 0.4385545551776886, 0.41507282853126526, -0.12744846940040588, -0.3674067556858063, 0.4012813866138458, -0.3447045087814331, 0.28145238757133484, 0.4024171829223633, 0.07037924975156784, 0.14186996221542358, 0.4412473142147064, 0.0532391183078289, -0.16793307662010193, -0.024241210892796516, 0.029177065938711166, 0.07715505361557007, 0.568429172039032, -0.4288310408592224, 0.09118615835905075, -0.039812348783016205, 0.04926122725009918, 0.37499576807022095, -0.29266878962516785, -0.37814265489578247, -0.07966027408838272, 0.09960223734378815, 0.03484742343425751, -0.06843528896570206, -0.3288097679615021, -0.5223018527030945, 0.009343859739601612, 0.8271422386169434, 0.2631085515022278, 0.21663714945316315], "are": [-0.10958311706781387, 0.5939937233924866, 0.0038144178688526154, 0.8633700013160706, -0.18675372004508972, 1.2895967960357666, -0.6553846597671509, -0.5211900472640991, -0.36520901322364807, 0.2695392668247223, -0.6442157030105591, 0.79190593957901, -0.16224409639835358, 0.07250829041004181, -1.0700395107269287, -0.7565372586250305, 0.37005412578582764, 0.9592736959457397, -0.09492284804582596, -0.23088499903678894, 0.32917487621307373, -0.2252868413925171, 0.3583966791629791, 0.08436819165945053, 0.47471293807029724, 0.15238216519355774, 0.8357118368148804, 0.30566248297691345, 0.21040989458560944, 0.4123683273792267, 0.6276271939277649, -0.41985511779785156, 0.10949752479791641, -0.16987426578998566, -0.0280443262308836, -0.056670576333999634, 0.7745600342750549, 0.6423804759979248, 0.2168174833059311, -0.5019735097885132, 0.13542525470256805, 0.5724772214889526, -0.03665290027856827, 0.28635653853416443, -0.3179048001766205, -0.15183591842651367, -1.0349048376083374, 1.5205223560333252, 0.12715569138526917, 0.2153528481721878], "cat": [-0.5481694340705872, 0.233998641371727, -0.4403492212295532, 0.11194112151861191, 0.9292720556259155, 0.01093974057585001, -0.2814427614212036, 0.32450899481773376, -0.8502673506736755, 0.3103581666946411, 0.00587082514539361, 0.03644932061433792, -0.2762583792209625, -0.0648905485868454, -0.1298772394657135, -0.09767895936965942, 0.40121883153915405, 0.030022840946912766, -0.738065242767334, -0.11164204031229019, 0.4975453019142151, -0.481559157371521, 0.001462484709918499, 0.38599643111228943, 0.41235166788101196, 0.18386393785476685, 0.13515372574329376, -1.1038823127746582, 0.5463007092475891, 0.12400196492671967, 1.4386781454086304, -0.5438792109489441, 0.9867789149284363, -0.14909228682518005, -0.9178542494773865, 0.7175819277763367, 0.13275717198848724, -0.015978902578353882, -0.46695804595947266, -0.06829174607992172, -0.78605055809021, 0.0752648413181305, -0.10553678870201111, 0.5336174964904785, -0.47340813279151917, -0.18096433579921722, -0.05034363642334938, -0.20343774557113647, 0.2057061344385147, 0.5392605662345886], "dog": [-0.4458003640174866, 0.13505756855010986, -0.575114905834198, 0.14219245314598083, 0.3014659285545349, 0.007752003148198128, -0.15230245888233185, 0.14541615545749664, -0.7830782532691956, 0.1363779604434967, -0.3226604759693146, -0.09347940236330032, -0.050031375139951706, 0.10845525562763214, -0.05436726287007332, 0.21711480617523193, 0.3991895616054535, 0.03112044185400009, -0.42828530073165894, -0.43933993577957153, 0.4588511884212494, -0.5531317591667175, 0.1627969741821289, 0.452118843793869, 0.22254478931427002, 0.41222506761550903, 0.21673369407653809, -0.36234840750694275, -0.21631349623203278, -0.2998329997062683, -0.007346655707806349, -0.07945515215396881, 0.8362823724746704, -0.5519726276397705, -0.1456092894077301, 0.5155776739120483, -0.12880925834178925, 0.012092186138033867, -0.6042625308036804, -0.18924269080162048, -0.45130929350852966, -0.11567141860723495, -0.19627533853054047, 0.3076433837413788, -0.1577545553445816, -0.3343125581741333, 0.20973533391952515, -0.45789530873298645, 0.19037790596485138, 0.4408721923828125], "fox": [-0.5488991141319275, 0.15212462842464447, -0.19419541954994202, 0.024875041097402573, 0.6201284527778625, -0.12746264040470123, -0.03612571582198143, -0.12203583121299744, -1.0030732154846191, 0.2767004072666168, 0.04434584453701973, 0.15267720818519592, -0.5480253100395203, 0.1636076271533966, -0.0855405405163765, -0.5752400159835815, -0.06392397731542587, 0.031705282628536224, -0.7315416932106018, 0.020632212981581688, 0.02557492069900036, -0.06430418789386749, 0.25686562061309814, 0.35611292719841003, 0.04340330883860588, 0.07704447209835052, -0.041337721049785614, -0.9173468947410583, 0.8100375533103943, -0.3032459318637848, 0.20138612389564514, -0.7833505868911743, 0.22709038853645325, -0.017431236803531647, -1.0556554794311523, 0.47777479887008667, 0.06631791591644287, 0.0726172924041748, -0.4712579846382141, 0.4450162947177887, -0.5349769592285156, 0.26902419328689575, -0.24283285439014435, 0.4135865569114685, -0.4264635741710663, -0.1758713722229004, -0.39244356751441956, -0.15772829949855804, 0.7807603478431702, 0.3733222186565399], "language": [-0.5795010328292847, 0.6084928512573242, -0.4823255240917206, 0.48856377601623535, 0.4229905605316162, 0.7359582781791687, -0.5410325527191162, -0.6515956521034241, -0.6556291580200195, 0.6219272613525391, -0.5626536011695862, 0.6869353652000427, -0.5967625975608826, 0.648989737033844, -0.4956052005290985, -0.7016243934631348, 0.6026157736778259, 0.6031882166862488, -0.501707136631012, -0.48446691036224365, 0.6347070932388306, -0.5197802186012268, 0.48102545738220215, 0.6641784310340881, 0.6158958077430725, 0.4605712294578552, 0.5798682570457458, -0.49915939569473267, 0.6033202409744263, -0.5358054041862488, 0.6004400253295898, -0.5472778081893921, 0.6451494693756104, -0.5185127854347229, -0.6257312893867493, 0.5672158002853394, 0.6080003976821899, 0.5680609345436096, -0.47997385263442993, -0.5556716322898865, -0.4955956041812897, 0.5481848120689392, -0.6078680753707886, 0.6105242371559143, -0.6694136261940002, -0.5445791482925415, -0.5648810863494873, 0.6871992349624634, 0.6158382892608643, 0.5974004864692688], "learning": [-0.4093988537788391, 0.10442331433296204, -0.5168051719665527, 0.04351568967103958, -0.015727605670690536, -0.09390086680650711, -0.18172135949134827, -0.5978758335113525, -0.9052886366844177, 0.12190282344818115, -0.2754639685153961, -0.04300234094262123, -0.32078999280929565, 0.6305610537528992, 0.06560160219669342, -0.09796562045812607, 0.16414761543273926, 0.02335621975362301, -0.5700106620788574, -0.2753344178199768, 0.2798349857330322, -0.1675184965133667, 0.46100687980651855, 0.5267255902290344, 0.019446952268481255, 0.4386545717716217, -0.02875828742980957, -0.15025173127651215, -0.04573892802000046, -0.9882978796958923, -0.3752859830856323, -0.11214857548475266, 0.19935889542102814, -0.3772266209125519, -0.22417475283145905, 0.5429529547691345, -0.14829207956790924, 0.2570245563983917, -0.7169016003608704, -0.15605024993419647, -0.25091785192489624, 0.09600318968296051, -0.42275241017341614, 0.33465129137039185, -0.18929751217365265, -0.35122326016426086, 0.0793023407459259, -0.437311589717865, 0.6034918427467346, 0.4211450219154358],